{"cameraMode":{"drawMode":0,"name":"Shaded","section":"Shading Mode"},"sceneLighting":false,"audioPlay":false,"sceneViewState":{"showFog":true,"showMaterialUpdate":false,"showSkybox":false,"showFlares":true,"showImageEffects":true,"showParticleSystems":true},"in2DMode":false,"pivot":{"x":10.838605880737305,"y":-4.360630035400391,"z":-11.936151504516602},"rotation":{"x":-0.005617877468466759,"y":-0.8895407915115356,"z":0.45669013261795046,"w":-0.010942074470221997},"size":84.20573425292969,"orthographic":false}